<?xml version="1.0" encoding="UTF-8"?>
<!DOCTYPE mapper
        PUBLIC "-//mybatis.org//DTD Mapper 3.0//EN"
        "http://mybatis.org/dtd/mybatis-3-mapper.dtd">
<mapper namespace="com.oldwai.project.mapper.PostMapper">

    <resultMap id="BaseResultMap" type="com.oldwai.project.model.entity.Post">
            <id property="id" column="id" jdbcType="BIGINT"/>
            <result property="content" column="content" jdbcType="VARCHAR"/>
            <result property="userId" column="userId" jdbcType="BIGINT"/>
            <result property="createTime" column="createTime" jdbcType="TIMESTAMP"/>
            <result property="updateTime" column="updateTime" jdbcType="TIMESTAMP"/>
            <result property="isDelete" column="isDelete" jdbcType="TINYINT"/>
            <result property="title" column="title" jdbcType="VARCHAR"/>
    </resultMap>

    <sql id="Base_Column_List">
        id,contact,userId,
        createTime,updateTime,isDelete, title
    </sql>
</mapper>
